{"500k": {"var": 63.647600262984881, "count": 819, "mean": 1.8974358974358974}, "100k": {"var": 62.525122398837901, "count": 818, "mean": 1.8581907090464547}, "experimentname": "ParSys"}